marker,femA,femH,femB,malA,malH,malB,fem_afreq,mal_afreq,pvalue
JAX00723347,57,0,0,38,5,0,0,0.0581395348837209,0.0315667928837623
JAX00723349,57,0,0,43,0,0,0,0,1
JAX00723350,57,0,0,43,0,0,0,0,1
JAX00723351,57,0,0,43,0,0,0,0,1
JAX00187253,57,0,0,43,0,0,0,0,1
JAX00723353,57,0,0,43,0,0,0,0,1
JAX00723354,55,2,0,42,1,0,0.0175438596491228,0.0116279069767442,0.999999999999999
JAX00723355,49,8,0,40,3,0,0.0701754385964912,0.0348837209302326,0.440952262657458
JAX00723356,57,0,0,43,0,0,0,0,1
JAX00723358,26,17,14,20,14,9,0.394736842105263,0.372093023255814,0.85789813946169
JAX00723359,57,0,0,43,0,0,0,0,1
JAX00723360,13,40,4,13,25,5,0.421052631578947,0.406976744186047,0.956077656199927
JAX00723361,54,3,0,42,1,0,0.0263157894736842,0.0116279069767442,0.822411840162775
JAX00723364,48,9,0,39,4,0,0.0789473684210526,0.0465116279069767,0.527709841849973
JAX00723365,57,0,0,43,0,0,0,0,1
JAX00723366,57,0,0,43,0,0,0,0,1
JAX00723367,57,0,0,43,0,0,0,0,1
JAX00723368,55,0,0,43,0,0,0,0,1
JAX00723369,57,0,0,43,0,0,0,0,1
JAX00723370,57,0,0,43,0,0,0,0,1
JAX00187255,37,18,2,32,6,5,0.192982456140351,0.186046511627907,1
JAX00187256,25,30,2,13,24,6,0.298245614035088,0.418604651162791,0.105873148581121
JAX00725011,57,0,0,43,0,0,0,0,1
JAX00725012,57,0,0,43,0,0,0,0,1
JAX00723371,57,0,0,43,0,0,0,0,1
JAX00723372,57,0,0,43,0,0,0,0,1
